{"1": {"0": 84.21052631578948, "2": 84.21052631578948}, "2": {"1": 94.73684210526316}, "3": {"0": 94.73684210526316}, "4": {"0": 96.49122807017544}, "5": {"0": 95.6140350877193, "2": 95.6140350877193}}