{"rounds": [1, 2, 3, 4, 5, 6, 7, 8, 9, 10], "accuracies": [36.666666666666664, 53.333333333333336, 66.66666666666667, 70.0, 70.0, 70.0, 70.0, 70.0, 70.0, 70.0]}